{"cameraMode":{"drawMode":0,"name":"Shaded","section":"Shading Mode"},"sceneLighting":false,"audioPlay":false,"sceneViewState":{"m_AlwaysRefresh":false,"showFog":true,"showSkybox":false,"showFlares":true,"showImageEffects":true,"showParticleSystems":true,"showVisualEffectGraphs":true,"m_FxEnabled":true},"in2DMode":false,"pivot":{"x":-0.44571438431739809,"y":-0.13304097950458527,"z":-0.6883600950241089},"rotation":{"x":0.017914215102791787,"y":-0.9770700931549072,"z":0.1914585530757904,"w":0.09142205119132996},"size":1.2852754592895508,"orthographic":false}