{"cameraMode":{"drawMode":0,"name":"Shaded","section":"Shading Mode"},"sceneLighting":false,"audioPlay":false,"sceneViewState":{"m_AlwaysRefresh":false,"showFog":true,"showSkybox":false,"showFlares":true,"showImageEffects":true,"showParticleSystems":true,"showVisualEffectGraphs":true,"m_FxEnabled":true},"in2DMode":false,"pivot":{"x":-0.04566890001296997,"y":2.0310189723968508,"z":-0.06619071960449219},"rotation":{"x":0.06794939935207367,"y":-0.7187223434448242,"z":0.0709497332572937,"w":0.688322901725769},"size":1.5555070638656617,"orthographic":false}