{"cameraMode":{"drawMode":0,"name":"Shaded","section":"Shading Mode"},"sceneLighting":true,"audioPlay":false,"sceneViewState":{"m_AlwaysRefresh":false,"showFog":true,"showSkybox":false,"showFlares":true,"showImageEffects":true,"showParticleSystems":true,"showVisualEffectGraphs":true,"m_FxEnabled":true},"in2DMode":false,"pivot":{"x":0.6614367365837097,"y":-2.126063823699951,"z":4.283513069152832},"rotation":{"x":0.19669096171855927,"y":-0.013236180879175663,"z":0.0026555745862424375,"w":0.9803727865219116},"size":4.23477840423584,"orthographic":false}