{"cameraMode":{"drawMode":0,"name":"Shaded","section":"Shading Mode"},"sceneLighting":false,"audioPlay":false,"sceneViewState":{"m_AlwaysRefresh":false,"showFog":true,"showSkybox":false,"showFlares":true,"showImageEffects":true,"showParticleSystems":true,"showVisualEffectGraphs":true,"m_FxEnabled":true},"in2DMode":false,"pivot":{"x":0.33584916591644289,"y":-0.1769578456878662,"z":-0.7911748886108398},"rotation":{"x":-0.1750183254480362,"y":0.8129343390464783,"z":-0.30767127871513369,"w":-0.46243661642074587},"size":4.507394790649414,"orthographic":false}