{"cameraMode":{"drawMode":0,"name":"Shaded","section":"Shading Mode"},"sceneLighting":false,"audioPlay":false,"sceneViewState":{"m_AlwaysRefresh":false,"showFog":true,"showSkybox":false,"showFlares":true,"showImageEffects":true,"showParticleSystems":true,"showVisualEffectGraphs":true,"m_FxEnabled":true},"in2DMode":false,"pivot":{"x":-0.19959872961044312,"y":-0.10628959536552429,"z":0.06055286526679993},"rotation":{"x":-0.00566861592233181,"y":-0.970708429813385,"z":0.2390923947095871,"w":-0.0230141282081604},"size":1.0609872341156006,"orthographic":false}