{"cameraMode":{"drawMode":0,"name":"Shaded","section":"Shading Mode"},"sceneLighting":true,"audioPlay":false,"sceneViewState":{"m_AlwaysRefresh":false,"showFog":true,"showSkybox":true,"showFlares":true,"showImageEffects":true,"showParticleSystems":true,"showVisualEffectGraphs":true,"m_FxEnabled":true},"in2DMode":false,"pivot":{"x":0.39137744903564455,"y":-0.43276453018188479,"z":3.61838960647583},"rotation":{"x":0.27494773268699648,"y":-0.05476647615432739,"z":0.015689129009842874,"w":0.959771454334259},"size":4.390659332275391,"orthographic":false}