{"cameraMode":{"drawMode":0,"name":"Shaded","section":"Shading Mode"},"sceneLighting":true,"audioPlay":false,"sceneViewState":{"m_AlwaysRefresh":false,"showFog":true,"showSkybox":false,"showFlares":true,"showImageEffects":true,"showParticleSystems":true,"showVisualEffectGraphs":true,"m_FxEnabled":true},"in2DMode":false,"pivot":{"x":0.35107511281967165,"y":-0.4816555380821228,"z":1.1570881605148316},"rotation":{"x":0.15949253737926484,"y":0.06243175268173218,"z":-0.010108954273164273,"w":0.9851780533790588},"size":2.4347786903381349,"orthographic":false}