{"cameraMode":{"drawMode":0,"name":"Shaded","section":"Shading Mode"},"sceneLighting":false,"audioPlay":false,"sceneViewState":{"m_AlwaysRefresh":false,"showFog":true,"showSkybox":false,"showFlares":true,"showImageEffects":true,"showParticleSystems":true,"showVisualEffectGraphs":true,"m_FxEnabled":true},"in2DMode":false,"pivot":{"x":0.1893327236175537,"y":0.1379672884941101,"z":0.4651065468788147},"rotation":{"x":-0.19736360013484956,"y":-0.7711264491081238,"z":0.28498393297195437,"w":-0.5340391397476196},"size":0.9232396483421326,"orthographic":false}