{"cameraMode":{"drawMode":0,"name":"Shaded","section":"Shading Mode"},"sceneLighting":false,"audioPlay":false,"sceneViewState":{"m_AlwaysRefresh":false,"showFog":true,"showSkybox":false,"showFlares":true,"showImageEffects":true,"showParticleSystems":true,"showVisualEffectGraphs":true,"m_FxEnabled":true},"in2DMode":false,"pivot":{"x":0.06023751199245453,"y":0.04723890498280525,"z":-0.008939366787672043},"rotation":{"x":-0.10658644139766693,"y":-0.8060117959976196,"z":0.15292349457740785,"w":-0.5617838501930237},"size":0.32323962450027468,"orthographic":false}