{"cameraMode":{"drawMode":0,"name":"Shaded","section":"Shading Mode"},"sceneLighting":false,"audioPlay":false,"sceneViewState":{"m_AlwaysRefresh":false,"showFog":true,"showSkybox":false,"showFlares":true,"showImageEffects":true,"showParticleSystems":true,"showVisualEffectGraphs":true,"m_FxEnabled":true},"in2DMode":false,"pivot":{"x":-0.2587583065032959,"y":0.0651409924030304,"z":0.12266837060451508},"rotation":{"x":0.1360614150762558,"y":-0.646332859992981,"z":0.11861483007669449,"w":0.7413997054100037},"size":1.7053236961364747,"orthographic":false}