{"cameraMode":{"drawMode":0,"name":"Shaded","section":"Shading Mode"},"sceneLighting":false,"audioPlay":false,"sceneViewState":{"m_AlwaysRefresh":false,"showFog":true,"showSkybox":false,"showFlares":true,"showImageEffects":true,"showParticleSystems":true,"showVisualEffectGraphs":true,"m_FxEnabled":true},"in2DMode":false,"pivot":{"x":-0.12018665671348572,"y":0.8953319191932678,"z":0.18499019742012025},"rotation":{"x":0.005803309381008148,"y":-0.9889999628067017,"z":0.14220677316188813,"w":0.040366847068071368},"size":1.0560302734375,"orthographic":false}