{"cameraMode":{"drawMode":0,"name":"Shaded","section":"Shading Mode"},"sceneLighting":false,"audioPlay":false,"sceneViewState":{"m_AlwaysRefresh":false,"showFog":true,"showSkybox":false,"showFlares":true,"showImageEffects":true,"showParticleSystems":true,"showVisualEffectGraphs":true,"m_FxEnabled":true},"in2DMode":false,"pivot":{"x":0.05475899577140808,"y":0.8876815438270569,"z":0.1729348599910736},"rotation":{"x":0.005803309381008148,"y":-0.9889999628067017,"z":0.14220677316188813,"w":0.040366847068071368},"size":1.3560302257537842,"orthographic":false}