{"cameraMode":{"drawMode":0,"name":"Shaded","section":"Shading Mode"},"sceneLighting":false,"audioPlay":false,"sceneViewState":{"m_AlwaysRefresh":false,"showFog":true,"showSkybox":false,"showFlares":true,"showImageEffects":true,"showParticleSystems":true,"showVisualEffectGraphs":true,"m_FxEnabled":true},"in2DMode":false,"pivot":{"x":0.06701630353927612,"y":1.8093070983886719,"z":3.378108263015747},"rotation":{"x":0.016570037230849267,"y":-0.9750444293022156,"z":0.20720990002155305,"w":0.07797028124332428},"size":3.7637901306152345,"orthographic":false}